region,variable,intervention,hi,lo,mean
Global,households visited,Under 5 & HIV+ve,53.6199957100192,45.5068488548868,49.8493395204835
Global,households visited,Under 5 & HIV+ve & LTBI+,51.2529656598538,43.7604446839467,47.6839585359421
Global,children screened,Under 5 & HIV+ve,87.4329377219509,74.2739977738807,81.1778769393419
Global,children screened,Under 5 & HIV+ve & LTBI+,83.5133350809313,71.2489738741855,77.6510399707163
Global,IPT courses,Under 5 & HIV+ve,27.1541566390496,22.8178768006794,25.0563940652066
Global,IPT courses,Under 5 & HIV+ve & LTBI+,52.5851219492476,44.4635332024015,48.7328184109734
Global,anti-TB treatments,Under 5 & HIV+ve,2.70762659924776,2.37272464012682,2.55029433674919
Global,anti-TB treatments,Under 5 & HIV+ve & LTBI+,2.00473637919201,1.62200336477593,1.81695349737286
